axis_x,axis_y,r_mutual,discriminant_power,variance_iris,interpretability,orthogonality,orthogonality_norm,discriminant_power_norm,variance_iris_norm,interpretability_norm,composite_score
score_precarite,score_peripherie_metropole,0.097,30.22,861.33,0.0769,0.903,0.9021190716448032,0.8927718040621265,0.7876518587414064,0.882998171846435,0.8730859504404318
score_pca_pc1_logement_confort,score_pca_pc2_composition_diplômes,0.009,30.54,961.21,0.0294,0.991,0.9909182643794148,0.9023297491039426,0.8834223470865177,0.014625228519195588,0.7919691451953871
score_urbanite,score_pca_pc2_composition_diplômes,0.009,26.25,872.45,0.0333,0.991,0.9909182643794148,0.7741935483870968,0.798314332013309,0.08592321755027428,0.7407945702845112
score_equipement_public,score_peripherie_metropole,0.186,17.67,803.92,0.0833,0.814,0.8123107971745711,0.5179211469534051,0.7326039639086787,1.0,0.7214864333677989
score_rentier,score_peripherie_metropole,0.292,22.68,687.28,0.0833,0.708,0.7053481331987891,0.6675627240143369,0.6207630572149083,1.0,0.7194040048076363
score_precarite,score_equipement_public,0.069,14.31,836.48,0.0769,0.931,0.9303733602421796,0.41756272401433686,0.7638242993163361,0.882998171846435,0.7104735471179043
score_confort_residentiel,score_pca_pc2_composition_diplômes,0.097,24.78,850.12,0.0357,0.903,0.9021190716448032,0.7302867383512545,0.776903088473598,0.1297989031078611,0.7010865330772788
score_exploitation,score_peripherie_metropole,0.015,21.65,550.36,0.0588,0.985,0.9848637739656912,0.6367980884109916,0.4894765607770566,0.5521023765996343,0.6990491317789109
score_cap_cult,score_pca_pc1_logement_confort,0.136,25.78,842.94,0.0357,0.864,0.8627648839556004,0.7601553166069295,0.7700185059113444,0.1297989031078611,0.6983573626475534
score_precarite,score_pca_pc1_logement_confort,0.483,30.44,1032.71,0.0417,0.517,0.5126135216952573,0.8993428912783751,0.9519805160560357,0.23948811700182818,0.6948733892174899
score_cap_eco,score_peripherie_metropole,0.022,22.08,561.32,0.0556,0.978,0.9778002018163471,0.6496415770609318,0.4999856171673492,0.49360146252285186,0.6947519553281278
score_precarite,score_ruralite,0.218,22.16,693.86,0.0588,0.782,0.7800201816347124,0.6520310633213858,0.6270723264711242,0.5521023765996343,0.6704467484370689
score_cap_cult,score_confort_residentiel,0.056,20.03,731.85,0.0455,0.944,0.9434914228052472,0.5884109916367981,0.6634992472984247,0.3089579524680073,0.6680348162443396
score_pca_pc3_équipements_démographie,score_peripherie_metropole,0.072,19.13,707.19,0.05,0.928,0.9273461150353179,0.5615292712066905,0.6398538704202665,0.3912248628884827,0.6613935829502627
score_pca_pc2_composition_diplômes,score_peripherie_metropole,0.456,30.31,789.82,0.0435,0.544,0.5398587285570131,0.8954599761051373,0.7190841012167878,0.2723948811700182,0.6600446626227622
score_domination,score_pca_pc1_logement_confort,0.111,23.8,808.35,0.0286,0.889,0.8879919273461151,0.701015531660693,0.7368516938182587,0.0,0.6591233530487288
score_precarite,score_urbanite,0.474,26.15,943.96,0.05,0.526,0.5216952573158427,0.7712066905615292,0.8668820895379277,0.3912248628884827,0.6584910662321459
score_precarite,score_rentier,0.359,19.32,719.84,0.0769,0.641,0.6377396569122099,0.5672043010752688,0.6519833926225659,0.882998171846435,0.6526898067514855
score_cap_cult,score_urbanite,0.138,21.5,754.18,0.0417,0.862,0.8607467204843592,0.6323178016726404,0.6849104908381356,0.23948811700182818,0.6524405624486331
score_rentier,score_pca_pc2_composition_diplômes,0.059,19.41,648.34,0.0435,0.941,0.9404641775983854,0.5698924731182795,0.5834252236530478,0.2723948811700182,0.6391458957770257
score_equipement_public,score_pca_pc1_logement_confort,0.214,17.9,975.31,0.0435,0.786,0.7840565085771948,0.5247909199522102,0.8969422097784086,0.2723948811700182,0.6391414486876164
score_pca_pc1_logement_confort,score_pca_pc3_équipements_démographie,0.103,19.36,878.57,0.0323,0.897,0.8960645812310797,0.5683990442054958,0.8041825277348958,0.06764168190127974,0.6387417976734185
score_precarite,score_confort_residentiel,0.528,24.69,921.62,0.0556,0.472,0.46720484359233094,0.7275985663082437,0.8454612574431161,0.49360146252285186,0.6379534221526355
score_rentier,score_pca_pc1_logement_confort,0.33,22.91,858.67,0.0435,0.67,0.6670030272452069,0.6744324970131421,0.7851013030846382,0.2723948811700182,0.634031774920592
score_cap_cult,score_rentier,0.008,14.66,530.07,0.0588,0.992,0.9919273461150353,0.42801672640382316,0.4700213824778745,0.5521023765996343,0.6242036910613689
score_equipement_public,score_pca_pc2_composition_diplômes,0.029,14.41,764.97,0.0435,0.971,0.970736629667003,0.4205495818399044,0.6952565417917176,0.2723948811700182,0.6183238830779136
score_pca_pc1_logement_confort,score_peripherie_metropole,0.851,33.81,1000.16,0.0435,0.149,0.14127144298688193,1.0,0.9207697692034789,0.2723948811700182,0.617394618912263
score_domination,score_urbanite,0.103,19.51,719.59,0.0323,0.897,0.8960645812310797,0.5728793309438471,0.65174367874505,0.06764168190127974,0.6098221282338724
score_pca_pc1_logement_confort,score_pca_pc5_équipements_csp,0.059,17.46,709.94,0.0323,0.941,0.9404641775983854,0.5116487455197133,0.6424907230729403,0.06764168190127974,0.5998607111111953
score_precarite,score_pca_pc3_équipements_démographie,0.161,15.77,739.74,0.0476,0.839,0.8375378405650857,0.4611708482676224,0.6710646172728233,0.3473491773308959,0.5989864491173926
score_confort_residentiel,score_peripherie_metropole,0.785,28.05,889.07,0.0588,0.215,0.20787083753784055,0.8279569892473118,0.8142505105905593,0.5521023765996343,0.5978116561059683
score_rentier,score_confort_residentiel,0.325,17.15,747.58,0.0588,0.675,0.6720484359233099,0.502389486260454,0.6785820444717187,0.5521023765996343,0.5959826163524407
score_rentier,score_urbanite,0.334,18.62,769.92,0.0526,0.666,0.6629667003027245,0.5462962962962963,0.7000028765665303,0.4387568555758684,0.5959078174442073
score_cap_cult,score_peripherie_metropole,0.568,25.56,671.55,0.0588,0.432,0.42684157416750756,0.7535842293906809,0.6056802600416143,0.5521023765996343,0.5957583610352586
score_confort_residentiel,score_equipement_public,0.238,12.14,864.22,0.0588,0.762,0.7598385469223007,0.3527479091995221,0.790422951165489,0.5521023765996343,0.592313279019566
score_domination,score_peripherie_metropole,0.336,23.58,636.96,0.0417,0.664,0.6609485368314834,0.6944444444444443,0.5725134479485288,0.23948811700182818,0.5917660237449804
score_cap_cult,score_equipement_public,0.024,9.65,646.7,0.0588,0.976,0.9757820383451059,0.27837514934289126,0.5818527006165443,0.5521023765996343,0.5893518103867976
score_pca_pc5_équipements_csp,score_peripherie_metropole,0.143,17.23,538.55,0.05,0.857,0.8557013118062563,0.504778972520908,0.4781524772032103,0.3912248628884827,0.5876972587981091
score_rentier,score_equipement_public,0.167,6.77,662.44,0.0833,0.833,0.8314833501513622,0.19235364396654717,0.5969450863449388,1.0,0.5861577977026879
score_precarite,score_lda_axe2,0.139,13.75,469.46,0.0667,0.861,0.8597376387487387,0.40083632019115883,0.4119051500129446,0.6965265082266909,0.5850740099281196
score_urbanite,score_peripherie_metropole,0.839,29.52,911.4,0.0526,0.161,0.15338042381432895,0.871863799283154,0.8356617541302702,0.4387568555758684,0.5841123360558368
score_urbanite,score_pca_pc3_équipements_démographie,0.13,15.07,789.82,0.037,0.87,0.8688193743693239,0.4402628434886499,0.7190841012167878,0.15356489945155388,0.5815893626929153
score_urbanite,score_equipement_public,0.286,13.61,886.55,0.0526,0.714,0.7114026236125126,0.39665471923536433,0.8118341947051999,0.4387568555758684,0.5804303060935515
score_pca_pc8_équipements_logement,score_peripherie_metropole,0.246,16.87,555.67,0.0588,0.754,0.751765893037336,0.49402628434886503,0.4945680835354921,0.5521023765996343,0.580167940630347
score_exploitation,score_pca_pc1_logement_confort,0.322,21.87,721.75,0.0357,0.678,0.6750756811301716,0.6433691756272402,0.6538148066467865,0.1297989031078611,0.577934712604122
score_ruralite,score_pca_pc2_composition_diplômes,0.29,22.26,622.36,0.037,0.71,0.7073662966700303,0.6550179211469535,0.5585141575016062,0.15356489945155388,0.5762037278204971
score_cap_eco,score_pca_pc1_logement_confort,0.341,22.3,732.71,0.0345,0.659,0.6559031281533805,0.6562126642771804,0.664323863037079,0.10786106032906768,0.5754893025998032
score_precarite,score_pca_pc8_équipements_logement,0.147,13.51,588.22,0.0556,0.853,0.851664984863774,0.3936678614097968,0.525778830388049,0.49360146252285186,0.5724792324085987
score_domination,score_confort_residentiel,0.189,18.05,697.26,0.0345,0.811,0.8092835519677094,0.5292712066905615,0.630332435205339,0.10786106032906768,0.5702756340224373
score_confort_residentiel,score_pca_pc3_équipements_démographie,0.138,13.61,767.48,0.04,0.862,0.8607467204843592,0.39665471923536433,0.6976632691219762,0.2084095063985375,0.5678472476618612
score_ruralite,score_equipement_public,0.134,9.62,636.46,0.0625,0.866,0.8647830474268415,0.27747909199522097,0.5720340201934971,0.6197440585009141,0.5639210092402164
score_precarite,score_pca_pc7_logement_csp,0.061,13.8,525.61,0.0455,0.939,0.9384460141271442,0.40232974910394265,0.46574488690299265,0.3089579524680073,0.5618418866753229
score_precarite,score_pca_pc6_équipements_diplômes,0.156,14.8,549.9,0.0476,0.844,0.8425832492431886,0.43219832735961766,0.4890354872424275,0.3473491773308959,0.5539538633969426
score_cap_cult,score_precarite,0.596,22.2,704.11,0.0556,0.404,0.3985872855701312,0.6532258064516129,0.6369005954492718,0.49360146252285186,0.549625556397386
score_pca_pc1_logement_confort,score_pca_pc6_équipements_diplômes,0.246,18.39,688.73,0.0323,0.754,0.751765893037336,0.5394265232974911,0.6221533977045001,0.06764168190127974,0.5489059828914146
score_lda_axe2,score_peripherie_metropole,0.398,17.11,436.9,0.0714,0.602,0.5983854692230071,0.5011947431302269,0.3806848146052872,0.7824497257769654,0.5484382226500837
score_rentier,score_ruralite,0.296,14.63,519.82,0.0625,0.704,0.7013118062563067,0.4271206690561529,0.46019311349972686,0.6197440585009141,0.5448860075216281
score_pca_pc2_composition_diplômes,score_pca_pc4_démographie_chauffage,0.036,14.55,546.79,0.0312,0.964,0.9636730575176589,0.4247311827956989,0.486053446606131,0.047531992687385706,0.5420983194581263
score_exploitation,score_urbanite,0.308,17.58,632.99,0.0417,0.692,0.6892028254288597,0.5152329749103942,0.5687067915735778,0.23948811700182818,0.5367569647122856
score_pca_pc2_composition_diplômes,score_lda_axe1,0.01,13.77,392.8,0.04,0.99,0.9899091826437941,0.40143369175627236,0.3383992866115006,0.2084095063985375,0.5364158301899143
score_cap_eco,score_urbanite,0.321,18.01,643.95,0.04,0.679,0.6760847628657922,0.5280764635603346,0.5792158479638705,0.2084095063985375,0.5347567866584095
score_ruralite,score_pca_pc3_équipements_démographie,0.035,11.08,539.72,0.0417,0.965,0.9646821392532795,0.32108721624850656,0.47927433814998427,0.23948811700182818,0.5335632526432321
score_confort_residentiel,score_pca_pc5_équipements_csp,0.081,11.7,598.85,0.04,0.919,0.9182643794147326,0.33960573476702505,0.5359714644600206,0.2084095063985375,0.5327970398446633
score_pca_pc6_équipements_diplômes,score_peripherie_metropole,0.348,18.16,517.34,0.05,0.652,0.6488395560040363,0.5325567502986858,0.4578151518347701,0.3912248628884827,0.5312934892059773
score_pca_pc1_logement_confort,score_pca_pc8_équipements_logement,0.317,17.1,727.05,0.0357,0.683,0.6801210898082746,0.5008960573476703,0.6588967408501214,0.1297989031078611,0.5305991306503705
score_urbanite,score_pca_pc5_équipements_csp,0.126,13.17,621.18,0.037,0.874,0.8728557013118062,0.38351254480286734,0.5573827079997316,0.15356489945155388,0.5305973775922249
score_pca_pc2_composition_diplômes,score_pca_pc8_équipements_logement,0.067,13.61,516.72,0.0357,0.933,0.9323915237134208,0.39665471923536433,0.45722066141853096,0.1297989031078611,0.5294605765962891
score_precarite,score_pca_pc2_composition_diplômes,0.786,26.95,822.38,0.0417,0.214,0.20686175580221997,0.7951015531660692,0.7503044366244451,0.23948811700182818,0.5263281752239535
score_precarite,score_pca_pc4_démographie_chauffage,0.26,14.45,618.29,0.0455,0.74,0.7376387487386478,0.42174432497013137,0.554611615575649,0.3089579524680073,0.5261681543464711
score_pca_pc1_logement_confort,score_pca_pc7_logement_csp,0.264,17.39,664.44,0.0312,0.736,0.7336024217961655,0.5095579450418161,0.5988627973650652,0.047531992687385706,0.5253283656796062
score_pca_pc2_composition_diplômes,score_lda_axe2,0.053,13.84,397.96,0.04,0.947,0.9465186680121089,0.4035244922341696,0.3433469810434266,0.2084095063985375,0.5251199948540579
score_urbanite,score_pca_pc1_logement_confort,0.978,29.74,1082.79,0.0333,0.022,0.013118062563067608,0.8784348864994025,1.0,0.08592321755027428,0.5242761116762523
score_precarite,score_pca_pc5_équipements_csp,0.236,13.87,571.11,0.0476,0.764,0.7618567103935419,0.4044205495818398,0.5093728126108678,0.3473491773308959,0.5240811445935144
score_exploitation,score_ruralite,0.109,13.6,382.89,0.0476,0.891,0.8900100908173563,0.39635603345280757,0.3288970285067743,0.3473491773308959,0.5236094212546787
score_cap_eco,score_ruralite,0.114,14.02,393.86,0.0455,0.886,0.8849646821392533,0.4089008363201911,0.33941567345216755,0.3089579524680073,0.5228315249144775
score_urbanite,score_pca_pc6_équipements_diplômes,0.188,14.1,599.97,0.037,0.812,0.81029263370333,0.4112903225806451,0.5370453826312914,0.15356489945155388,0.5174832144582162
score_precarite,score_lda_axe1,0.361,13.67,464.3,0.0667,0.639,0.6357214934409687,0.39844683393070485,0.4069574555810186,0.6965265082266909,0.5160433072582447
score_confort_residentiel,score_pca_pc1_logement_confort,0.967,28.28,1060.45,0.0357,0.033,0.02421796165489405,0.8348267622461171,0.9785791679051885,0.1297989031078611,0.514640424329826
score_confort_residentiel,score_pca_pc6_équipements_diplômes,0.161,12.63,577.64,0.04,0.839,0.8375378405650857,0.36738351254480284,0.5156341390915804,0.2084095063985375,0.5142338353383035
score_exploitation,score_confort_residentiel,0.358,16.12,610.66,0.0455,0.642,0.6387487386478304,0.4716248506571087,0.5472955480338668,0.3089579524680073,0.5124961218013115
score_domination,score_rentier,0.135,12.68,495.48,0.0417,0.865,0.863773965691221,0.36887694145758654,0.4368545703847888,0.23948811700182818,0.5115332508447537
score_pca_pc7_logement_csp,score_peripherie_metropole,0.343,17.17,493.06,0.0476,0.657,0.6538849646821393,0.5029868578255675,0.4345341400504359,0.3473491773308959,0.5112200942533119
score_cap_eco,score_confort_residentiel,0.378,16.55,621.62,0.0435,0.622,0.6185671039354188,0.484468339307049,0.5578046044241594,0.2723948811700182,0.5075542029984274
score_ruralite,score_peripherie_metropole,0.886,25.53,661.3,0.0625,0.114,0.10595358224016146,0.7526881720430108,0.5958519910634666,0.6197440585009141,0.5073589418749326
score_pca_pc4_démographie_chauffage,score_peripherie_metropole,0.437,17.81,585.73,0.0476,0.563,0.5590312815338042,0.5221027479091995,0.5233912801679916,0.3473491773308959,0.5072259788615938
score_domination,score_ruralite,0.18,15.53,469.5,0.0357,0.82,0.8183652875882946,0.45400238948626037,0.41194350423334714,0.1297989031078611,0.506268958909528
score_domination,score_equipement_public,0.058,7.67,612.11,0.0417,0.942,0.941473259334006,0.2192353643966547,0.5486858885234585,0.23948811700182818,0.504834750593997
score_pca_pc2_composition_diplômes,score_pca_pc3_équipements_démographie,0.302,15.87,668.24,0.0323,0.698,0.6952573158425832,0.4641577060931899,0.6025064483033052,0.06764168190127974,0.5016799338312444
score_cap_cult,score_ruralite,0.406,17.51,504.09,0.0476,0.594,0.5903128153380424,0.5131421744324971,0.44511031632643283,0.3473491773308959,0.49781804551770764
score_cap_cult,score_pca_pc8_équipements_logement,0.023,8.85,398.45,0.0455,0.977,0.9767911200807265,0.2544802867383512,0.3438168202433576,0.3089579524680073,0.4972124933015134
score_exploitation,score_equipement_public,0.121,5.74,525.51,0.0588,0.879,0.8779011099899092,0.1615890083632019,0.46564900135198634,0.5521023765996343,0.4958716426844359
score_lda_axe1,score_peripherie_metropole,0.566,17.04,431.74,0.0714,0.434,0.42885973763874874,0.4991039426523297,0.37573712017336114,0.7824497257769654,0.4958591841211571
score_cap_eco,score_equipement_public,0.12,6.17,536.47,0.0556,0.88,0.8789101917255298,0.17443249701314215,0.47615805774227893,0.49360146252285186,0.4939962623991422
score_rentier,score_pca_pc8_équipements_logement,0.068,5.98,414.18,0.0588,0.932,0.9313824419778003,0.1687574671445639,0.35889961741665155,0.5521023765996343,0.4930751260672129
score_pca_pc1_logement_confort,score_lda_axe2,0.421,17.34,608.29,0.04,0.579,0.5751765893037336,0.5080645161290323,0.545023060475017,0.2084095063985375,0.49064159549106534
score_ruralite,score_pca_pc5_équipements_csp,0.007,9.18,371.09,0.0417,0.993,0.992936427850656,0.264336917562724,0.31758253348802873,0.23948811700182818,0.4898385737500301
score_ruralite,score_pca_pc1_logement_confort,0.843,25.75,832.69,0.037,0.157,0.1493440968718466,0.7592592592592592,0.7601902369331967,0.15356489945155388,0.4856167521066671
score_confort_residentiel,score_pca_pc7_logement_csp,0.197,11.64,553.36,0.0385,0.803,0.8012108980827447,0.3378136200716846,0.4923531273072462,0.1809872029250457,0.4842167423501191
score_cap_cult,score_pca_pc4_démographie_chauffage,0.055,9.79,428.52,0.0385,0.945,0.9445005045408678,0.2825567502986857,0.37264960543095765,0.1809872029250457,0.4839230154917487
score_equipement_public,score_lda_axe1,0.041,1.13,406.89,0.0714,0.959,0.958627648839556,0.023894862604540015,0.3519095607482909,0.7824497257769654,0.4837008675796588
score_pca_pc2_composition_diplômes,score_pca_pc5_équipements_csp,0.216,13.97,499.6,0.0323,0.784,0.7820383451059536,0.4074074074074074,0.4408050550862491,0.06764168190127974,0.47551135942682043
score_pca_pc2_composition_diplômes,score_pca_pc7_logement_csp,0.178,13.9,454.11,0.0312,0.822,0.8203834510595358,0.4053166069295101,0.39718671793347465,0.047531992687385706,0.47454299023299207
score_urbanite,score_confort_residentiel,0.952,23.99,971.7,0.0417,0.048,0.039354187689202826,0.7066905615292711,0.8934807413870806,0.23948811700182818,0.47376731866969607
score_confort_residentiel,score_pca_pc8_équipements_logement,0.341,11.35,615.97,0.0455,0.659,0.6559031281533805,0.32915173237753875,0.5523870707923024,0.3089579524680073,0.46879515180681425
score_cap_cult,score_lda_axe1,0.11,9.02,274.52,0.0526,0.89,0.8890010090817356,0.25955794504181595,0.22498585688122658,0.4387568555758684,0.4683562832017818
score_urbanite,score_pca_pc7_logement_csp,0.29,13.1,575.69,0.0357,0.71,0.7073662966700303,0.38142174432497006,0.5137643708469573,0.1297989031078611,0.46793020915031913
score_urbanite,score_lda_axe2,0.362,13.05,519.54,0.0476,0.638,0.6347124117053481,0.37992831541218636,0.4599246339569091,0.3473491773308959,0.46747593729688586
score_cap_cult,score_pca_pc3_équipements_démographie,0.246,11.11,549.97,0.04,0.754,0.751765893037336,0.3219832735961768,0.48910260712813197,0.2084095063985375,0.4673058610552697
score_pca_pc1_logement_confort,score_pca_pc4_démographie_chauffage,0.539,18.04,757.12,0.0312,0.461,0.45610494450050454,0.5289725209080047,0.6877295260377215,0.047531992687385706,0.4666475697786051
score_urbanite,score_pca_pc8_équipements_logement,0.384,12.81,638.3,0.0417,0.616,0.6125126135216953,0.37275985663082434,0.5737983143320133,0.23948811700182818,0.46490261429397395
score_rentier,score_pca_pc7_logement_csp,0.03,6.27,351.57,0.0476,0.97,0.9697275479313824,0.17741935483870963,0.2988656739315953,0.3473491773308959,0.46489054995891654
score_confort_residentiel,score_lda_axe2,0.363,11.58,497.2,0.0526,0.637,0.6337033299697276,0.33602150537634407,0.4385038018620975,0.4387568555758684,0.46123281458143844
score_rentier,score_pca_pc6_équipements_diplômes,0.117,7.26,375.86,0.05,0.883,0.8819374369323916,0.2069892473118279,0.32215627427103016,0.3912248628884827,0.4601424519263357
score_ruralite,score_confort_residentiel,0.758,20.0,721.6,0.0476,0.242,0.23511604439959635,0.5875149342891278,0.653670978320277,0.3473491773308959,0.4590016125847634
score_cap_cult,score_lda_axe2,0.163,9.09,279.69,0.0526,0.837,0.8355196770938446,0.26164874551971323,0.2299431398682533,0.4387568555758684,0.4540351203700839
score_rentier,score_pca_pc4_démographie_chauffage,0.165,6.91,444.25,0.0476,0.835,0.8335015136226034,0.19653524492234167,0.3877324026042516,0.3473491773308959,0.44848664693008533
score_ruralite,score_urbanite,0.822,21.46,743.94,0.0435,0.178,0.1705348133198789,0.6311230585424134,0.6750918104150887,0.2723948811700182,0.4479311087443288
score_rentier,score_pca_pc5_équipements_csp,0.14,6.33,397.07,0.05,0.86,0.858728557013118,0.17921146953405015,0.34249359963947035,0.3912248628884827,0.4475250308020194
score_pca_pc2_composition_diplômes,score_pca_pc6_équipements_diplômes,0.341,14.89,478.39,0.0323,0.659,0.6559031281533805,0.4348864994026284,0.4204677297178089,0.06764168190127974,0.4432210114656878
score_domination,score_pca_pc4_démographie_chauffage,0.029,7.81,393.93,0.0303,0.971,0.970736629667003,0.22341696535244918,0.33948279333787196,0.03107861060329068,0.4419752770315261
score_domination,score_lda_axe2,0.0,7.11,245.1,0.0385,1.0,1.0,0.2025089605734767,0.1967763277751676,0.1809872029250457,0.43738148219450723
score_exploitation,score_pca_pc8_équipements_logement,0.013,4.94,277.26,0.0455,0.987,0.9868819374369324,0.13769414575866187,0.22761312097879974,0.3089579524680073,0.43612384931257236
score_cap_cult,score_pca_pc7_logement_csp,0.146,9.15,335.84,0.0385,0.854,0.8526740665993945,0.26344086021505375,0.28378287675830133,0.1809872029250457,0.43191117684550423
score_domination,score_pca_pc8_équipements_logement,0.05,6.87,363.86,0.0345,0.95,0.9495459132189706,0.19534050179211468,0.3106500081502719,0.10786106032906768,0.4315421102723459
score_cap_eco,score_pca_pc8_équipements_logement,0.035,5.37,288.22,0.0435,0.965,0.9646821392532795,0.15053763440860213,0.2381221773690923,0.2723948811700182,0.4305764814683158
score_pca_pc1_logement_confort,score_lda_axe1,0.619,17.26,603.13,0.04,0.381,0.3753784056508577,0.5056750298685783,0.540075366043091,0.2084095063985375,0.42887628131765854
score_equipement_public,score_pca_pc4_démographie_chauffage,0.133,1.91,560.89,0.0476,0.867,0.8657921291624622,0.04719235364396654,0.49957330929802196,0.3473491773308959,0.4282720009833657
score_equipement_public,score_lda_axe2,0.23,1.2,412.06,0.0714,0.77,0.7679112008072654,0.025985663082437268,0.3568668437353176,0.7824497257769654,0.428209169934641
score_exploitation,score_precarite,0.787,18.28,582.92,0.0556,0.213,0.20585267406659938,0.5361409796893668,0.5206968961847139,0.49360146252285186,0.4275847437266288
score_ruralite,score_pca_pc8_équipements_logement,0.267,8.82,388.2,0.0476,0.733,0.7305751765893037,0.253584229390681,0.3339885512652099,0.3473491773308959,0.4268271201162058
score_cap_eco,score_pca_pc6_équipements_diplômes,0.024,6.66,249.89,0.0385,0.976,0.9757820383451059,0.18906810035842292,0.20136924566837025,0.1809872029250457,0.4263303762014106
score_ruralite,score_pca_pc6_équipements_diplômes,0.251,10.11,349.88,0.0417,0.749,0.7467204843592331,0.2921146953405017,0.2972452081195885,0.23948811700182818,0.4216285478511374
score_domination,score_lda_axe1,0.051,7.04,239.94,0.0385,0.949,0.9485368314833501,0.20041816009557942,0.19182863334324154,0.1809872029250457,0.4202212125858629
score_cap_eco,score_precarite,0.807,18.71,593.88,0.0526,0.193,0.1856710393541877,0.548984468339307,0.5312059525750066,0.4387568555758684,0.41990059457639534
score_confort_residentiel,score_pca_pc4_démographie_chauffage,0.494,12.28,646.03,0.0385,0.506,0.5015136226034309,0.35692951015531654,0.5812102674248019,0.1809872029250457,0.4187695492591072
score_cap_eco,score_pca_pc4_démographie_chauffage,0.07,6.31,318.29,0.037,0.93,0.9293642785065591,0.17861409796893665,0.2669549625566924,0.15356489945155388,0.4177499452701671
score_domination,score_precarite,0.8,20.21,669.52,0.04,0.2,0.1927346115035318,0.5937873357228196,0.6037337833561861,0.2084095063985375,0.4176541335850643
score_exploitation,score_pca_pc4_démographie_chauffage,0.075,5.88,307.32,0.0385,0.925,0.9243188698284561,0.1657706093189964,0.2564363176112992,0.1809872029250457,0.41375071817120224
score_urbanite,score_pca_pc4_démographie_chauffage,0.553,13.75,668.37,0.0357,0.447,0.4419778002018164,0.40083632019115883,0.6026310995196135,0.1297989031078611,0.41288210749755233
score_exploitation,score_pca_pc6_équipements_diplômes,0.062,6.23,238.93,0.04,0.938,0.9374369323915237,0.17622461170848266,0.1908601892780777,0.2084095063985375,0.4123431576308222
score_exploitation,score_pca_pc2_composition_diplômes,0.624,18.38,511.41,0.0357,0.376,0.3703329969727548,0.5391278375149342,0.4521291386600954,0.1297989031078611,0.40969030542025164
score_cap_eco,score_lda_axe2,0.097,5.61,169.46,0.05,0.903,0.9021190716448032,0.15770609318996415,0.124248496993988,0.3912248628884827,0.4093662829419984
score_rentier,score_lda_axe2,0.393,6.21,295.42,0.0714,0.607,0.6034308779011099,0.17562724014336914,0.24502593704154726,0.7824497257769654,0.40887144369536643
score_cap_eco,score_pca_pc2_composition_diplômes,0.641,18.81,522.38,0.0345,0.359,0.3531786074672048,0.5519713261648745,0.4626477836054885,0.10786106032906768,0.4078522621683254
score_domination,score_pca_pc7_logement_csp,0.061,7.16,301.25,0.0303,0.939,0.9384460141271442,0.20400238948626043,0.25061606466521563,0.03107861060329068,0.4077196450818712
score_exploitation,score_cap_cult,0.484,13.63,393.14,0.0455,0.516,0.5116044399596368,0.39725209080047785,0.338725297484922,0.3089579524680073,0.40660831613524373
score_cap_cult,score_cap_eco,0.494,14.06,404.1,0.0435,0.506,0.5015136226034309,0.41009557945041814,0.3492343538752146,0.2723948811700182,0.4046936425392213
score_domination,score_pca_pc3_équipements_démographie,0.29,9.13,515.38,0.0312,0.71,0.7073662966700303,0.2628434886499402,0.4559357950350462,0.047531992687385706,0.40252206793860523
score_cap_eco,score_pca_pc3_équipements_démographie,0.26,7.63,439.74,0.0385,0.74,0.7376387487386478,0.21804062126642768,0.38340796425386664,0.1809872029250457,0.40143551535437416
score_equipement_public,score_pca_pc6_équipements_diplômes,0.226,2.25,492.49,0.05,0.774,0.7719475277497477,0.05734767025089605,0.43398759240969986,0.3912248628884827,0.3971371908279503
score_ruralite,score_lda_axe2,0.376,9.06,269.44,0.0556,0.624,0.62058526740666,0.260752688172043,0.2201148708901056,0.49360146252285186,0.39550221463866186
score_exploitation,score_lda_axe2,0.15,5.18,158.49,0.0526,0.85,0.8486377396569121,0.14486260454002386,0.11372985204859483,0.4387568555758684,0.3938527322321812
score_cap_cult,score_pca_pc5_équipements_csp,0.317,9.21,381.33,0.04,0.683,0.6801210898082746,0.26523297491039427,0.3274012139110758,0.2084095063985375,0.39360953690311606
score_cap_eco,score_pca_pc7_logement_csp,0.069,5.66,225.61,0.037,0.931,0.9303733602421796,0.1591995221027479,0.17808823388403605,0.15356489945155388,0.39348422250315596
score_cap_cult,score_pca_pc2_composition_diplômes,0.899,22.29,632.6,0.0357,0.101,0.09283551967709386,0.6559139784946236,0.5683328379246533,0.1297989031078611,0.3905569514273562
score_confort_residentiel,score_lda_axe1,0.591,11.51,492.04,0.0526,0.409,0.40363269424823406,0.3339307048984468,0.4335561074301714,0.4387568555758684,0.3904903048113411
score_exploitation,score_pca_pc3_équipements_démographie,0.303,7.2,428.78,0.04,0.697,0.6942482341069626,0.20519713261648742,0.37289890786357405,0.2084095063985375,0.38593467418035476
score_ruralite,score_pca_pc7_logement_csp,0.304,9.11,325.59,0.04,0.696,0.693239152371342,0.2622461170848267,0.2739546077801536,0.2084095063985375,0.3858102342069033
score_exploitation,score_pca_pc7_logement_csp,0.091,5.23,214.65,0.0385,0.909,0.9081735620585267,0.14635603345280765,0.16757917749374351,0.1809872029250457,0.3843405962635462
score_exploitation,score_pca_pc5_équipements_csp,0.136,5.3,260.14,0.04,0.864,0.8627648839556004,0.14844683393070487,0.21119751464651793,0.2084095063985375,0.384286785951511
score_pca_pc3_équipements_démographie,score_pca_pc5_équipements_csp,0.117,2.79,416.97,0.0357,0.883,0.8819374369323916,0.07347670250896056,0.36157482428972787,0.1297989031078611,0.38208287728197843
score_cap_cult,score_pca_pc6_équipements_diplômes,0.375,10.14,360.12,0.04,0.625,0.6215943491422805,0.293010752688172,0.30706388854263555,0.2084095063985375,0.381706271851852
score_cap_eco,score_pca_pc5_équipements_csp,0.158,5.73,271.1,0.0385,0.842,0.8405650857719476,0.16129032258064516,0.22170657103681052,0.1809872029250457,0.380110533280929
score_urbanite,score_lda_axe1,0.654,12.97,514.37,0.0476,0.346,0.34006054490413723,0.37753882915173237,0.45496735096988244,0.3473491773308959,0.37725260046795833
score_pca_pc3_équipements_démographie,score_pca_pc6_équipements_diplômes,0.166,3.72,395.76,0.0357,0.834,0.8324924318869829,0.10125448028673835,0.3412374989212876,0.1297989031078611,0.37290413291688995
score_pca_pc4_démographie_chauffage,score_pca_pc6_équipements_diplômes,0.039,2.39,274.31,0.0345,0.961,0.9606458123107972,0.06152927120669056,0.22478449722411334,0.10786106032906768,0.37086504710976365
score_pca_pc6_équipements_diplômes,score_lda_axe1,0.028,1.62,120.31,0.0455,0.972,0.9717457114026236,0.038530465949820784,0.07712074867438228,0.3089579524680073,0.3667772191083018
score_rentier,score_lda_axe1,0.543,6.14,290.26,0.0714,0.457,0.4520686175580222,0.1735364396654719,0.24007824260962118,0.7824497257769654,0.36174144653879087
score_domination,score_pca_pc5_équipements_csp,0.266,7.23,346.74,0.0312,0.734,0.7315842583249244,0.20609318996415768,0.2942344018179901,0.047531992687385706,0.35758457325163834
score_pca_pc3_équipements_démographie,score_lda_axe1,0.224,2.59,310.16,0.0455,0.776,0.7739656912209889,0.06750298685782555,0.25915946725987865,0.3089579524680073,0.35399133908871244
score_domination,score_pca_pc6_équipements_diplômes,0.298,8.16,325.53,0.0312,0.702,0.6992936427850656,0.23387096774193547,0.27389707644954986,0.047531992687385706,0.35355214573821486
score_pca_pc3_équipements_démographie,score_pca_pc4_démographie_chauffage,0.253,3.37,464.15,0.0345,0.747,0.7447023208879919,0.09080047789725208,0.40681362725450904,0.10786106032906768,0.35273274803069776
score_lda_axe1,score_lda_axe2,0.143,0.57,39.88,0.0625,0.857,0.8557013118062563,0.0071684587813620046,0.0,0.6197440585009141,0.35218096289049067
score_cap_eco,score_rentier,0.689,11.18,419.84,0.0556,0.311,0.30474268415741673,0.324074074074074,0.3643267396036092,0.49360146252285186,0.35175429847230055
score_pca_pc7_logement_csp,score_lda_axe1,0.01,0.62,96.03,0.0435,0.99,0.9899091826437941,0.008661887694145757,0.05383973689004804,0.2723948811700182,0.3516315950396016
score_pca_pc3_équipements_démographie,score_pca_pc7_logement_csp,0.18,2.72,371.47,0.0345,0.82,0.8183652875882946,0.07138590203106332,0.31794689858185277,0.10786106032906768,0.3502631907530913
score_pca_pc7_logement_csp,score_pca_pc8_équipements_logement,0.044,0.46,219.95,0.0385,0.956,0.9556004036326942,0.0038829151732377534,0.17266111169707837,0.1809872029250457,0.34971944417861395
score_pca_pc8_équipements_logement,score_lda_axe2,0.138,0.41,163.8,0.0526,0.862,0.8607467204843592,0.002389486260454001,0.11882137480703037,0.4387568555758684,0.34863813963425305
score_ruralite,score_lda_axe1,0.526,8.98,264.28,0.0556,0.474,0.4692230070635721,0.258363201911589,0.21516717645817954,0.49360146252285186,0.3482676774581914
score_pca_pc5_équipements_csp,score_pca_pc6_équipements_diplômes,0.079,1.81,227.12,0.0357,0.921,0.9202825428859738,0.04420549581839904,0.17953610570423145,0.1297989031078611,0.3469337430092572
score_exploitation,score_rentier,0.719,10.75,408.87,0.0588,0.281,0.2744702320887992,0.3112305854241338,0.353808094658216,0.5521023765996343,0.34484874994667497
score_pca_pc4_démographie_chauffage,score_pca_pc8_équipements_logement,0.149,1.11,312.63,0.0385,0.851,0.8496468213925328,0.02329749103942652,0.2615278403697347,0.1809872029250457,0.34250181679426284
score_ruralite,score_pca_pc4_démographie_chauffage,0.53,9.76,418.27,0.04,0.47,0.46518668012108977,0.2816606929510155,0.36282133645280995,0.2084095063985375,0.34196293981952497
score_pca_pc5_équipements_csp,score_lda_axe1,0.095,0.69,141.52,0.0455,0.905,0.9041372351160444,0.010752688172043008,0.09745807404282252,0.3089579524680073,0.3408399190737939
score_rentier,score_pca_pc3_équipements_démographie,0.676,8.24,565.7,0.05,0.324,0.31786074672048437,0.23626045400238946,0.5041854043014259,0.3912248628884827,0.3375701932105392
score_equipement_public,score_pca_pc3_équipements_démographie,0.587,3.23,682.34,0.05,0.413,0.4076690211907164,0.08661887694145758,0.6160263109951962,0.3912248628884827,0.3345063049190367
score_equipement_public,score_pca_pc7_logement_csp,0.362,1.26,468.21,0.0476,0.638,0.6347124117053481,0.027777777777777773,0.4107065806253656,0.3473491773308959,0.3343796384585342
score_pca_pc4_démographie_chauffage,score_pca_pc7_logement_csp,0.101,1.4,250.02,0.0333,0.899,0.8980827447023209,0.031959378733572276,0.2014938968846785,0.08592321755027428,0.3337978679769234
score_cap_eco,score_lda_axe1,0.349,5.53,164.3,0.05,0.651,0.6478304742684158,0.15531660692951013,0.11930080256206195,0.3912248628884827,0.33125384465153807
score_domination,score_pca_pc2_composition_diplômes,0.941,20.31,598.01,0.0286,0.059,0.05045408678102926,0.596774193548387,0.5351660258315675,0.0,0.3310403989425577
score_pca_pc5_équipements_csp,score_pca_pc7_logement_csp,0.083,0.82,202.84,0.0345,0.917,0.9162462159434914,0.014635603345280761,0.15625509391989725,0.10786106032906768,0.32742650378723526
score_exploitation,score_lda_axe1,0.365,5.11,153.33,0.0526,0.635,0.6316851664984864,0.14277180406212664,0.10878215761666878,0.4387568555758684,0.32704564123100427
score_pca_pc5_équipements_csp,score_lda_axe2,0.173,0.76,146.69,0.0455,0.827,0.8254288597376387,0.012843488649940261,0.10241535702984919,0.3089579524680073,0.3189506432249416
score_pca_pc5_équipements_csp,score_pca_pc8_équipements_logement,0.192,0.53,265.45,0.04,0.808,0.8062563067608477,0.005973715651135005,0.21628903740495348,0.2084095063985375,0.31848692594692285
score_pca_pc3_équipements_démographie,score_pca_pc8_équipements_logement,0.366,2.43,434.08,0.04,0.634,0.6306760847628659,0.06272401433691756,0.37798084206690896,0.2084095063985375,0.31801382481994334
score_pca_pc8_équipements_logement,score_lda_axe1,0.24,0.33,158.64,0.0526,0.76,0.7578203834510595,0.0,0.11387368037510429,0.4387568555758684,0.315934379446719
score_pca_pc4_démographie_chauffage,score_pca_pc5_équipements_csp,0.211,1.47,295.52,0.0345,0.789,0.7870837537840566,0.03405017921146953,0.24512182259255355,0.10786106032906768,0.31324621242710216
score_exploitation,score_domination,0.642,11.65,358.55,0.0345,0.358,0.3521695257315842,0.3381123058542413,0.3055584853918364,0.10786106032906768,0.30128102089618713
score_domination,score_cap_eco,0.664,12.08,369.52,0.0333,0.336,0.3299697275479314,0.3509557945041816,0.3160771303372295,0.08592321755027428,0.29792935504083
score_pca_pc6_équipements_diplômes,score_lda_axe2,0.279,1.69,125.48,0.0455,0.721,0.7184661957618567,0.04062126642771803,0.08207803166140895,0.3089579524680073,0.2925166011807412
score_equipement_public,score_pca_pc5_équipements_csp,0.567,1.33,513.7,0.05,0.433,0.42785065590312815,0.029868578255675026,0.4543249177781401,0.3912248628884827,0.2883579121493251
score_domination,score_cap_cult,0.9,15.56,479.74,0.0345,0.1,0.09182643794147327,0.45489844683393066,0.4217621846563942,0.10786106032906768,0.28729398375495674
score_pca_pc4_démographie_chauffage,score_lda_axe2,0.311,1.34,193.87,0.0435,0.689,0.6861755802219979,0.030167264038231778,0.14765415999463044,0.2723948811700182,0.2868012806544093
score_pca_pc4_démographie_chauffage,score_lda_axe1,0.308,1.27,188.71,0.0435,0.692,0.6892028254288597,0.028076463560334525,0.1427064655627044,0.2723948811700182,0.2859881351628186
score_pca_pc6_équipements_diplômes,score_pca_pc7_logement_csp,0.24,1.75,181.63,0.0345,0.76,0.7578203834510595,0.042413381123058536,0.135917768551457,0.10786106032906768,0.28555351118803984
score_pca_pc7_logement_csp,score_lda_axe2,0.26,0.7,101.19,0.0435,0.74,0.7376387487386478,0.011051373954599758,0.058787431321974094,0.2723948811700182,0.2777763239456018
score_equipement_public,score_pca_pc8_équipements_logement,0.69,0.97,530.82,0.0588,0.31,0.30373360242179614,0.019115890083632014,0.47074052411042194,0.5521023765996343,0.2747741035678396
score_pca_pc6_équipements_diplômes,score_pca_pc8_équipements_logement,0.364,1.46,244.24,0.04,0.636,0.6326942482341069,0.033751493428912774,0.19595171203651326,0.2084095063985375,0.2720730655374348
score_pca_pc3_équipements_démographie,score_lda_axe2,0.527,2.67,315.32,0.0455,0.473,0.46821392532795153,0.06989247311827956,0.2641071616918047,0.3089579524680073,0.2640916683983453
score_exploitation,score_cap_eco,0.991,10.15,282.91,0.0435,0.009,0.0,0.29330943847072877,0.23303065461065678,0.2723948811700182,0.19012366656238913
